[
  {
    "title": "testvip",
    "slug": "test",
    "content": "vip",
    "parent": null,
    "visibility": "public",
    "rolesAllowed": [],
    "children": [
      {
        "title": "deneme",
        "slug": "ddd",
        "content": "ddd",
        "parent": "test",
        "visibility": "public",
        "rolesAllowed": [],
        "children": [],
        "date": "2025-08-06T21:14:20.546Z"
      }
    ],
    "date": "2025-08-06T21:14:32.559Z"
  },
  {
    "title": "deneme",
    "slug": "ddd",
    "content": "ddd",
    "parent": "test",
    "visibility": "public",
    "rolesAllowed": [],
    "children": [],
    "date": "2025-08-06T21:14:20.546Z"
  }
]